store_id,uptime_last_hour,uptime_last_day,uptime_last_week,downtime_last_hour,downtime_last_day,downtime_last_week
54515546588432327,0.0,8.979722222222222,36.27305555555556,0.0,0.0,0.0
8377465688456570187,0.0,5.0505555555555555,20.161666666666665,0.0,0.0,0.0
5955337179846162144,0.0,5.0875,22.25888888888889,0.0,0.0,0.0
1169347689335808384,0.0,4.049722222222222,17.328055555555554,0.0,0.0,0.0
